City,Country,Latitude,Temperature (F),Humidity (%),Cloudiness (%),Wind Speed (mph),Date - Time Reported
Laurel,US,31.69,75.2,94,90,9.17,07/13/2019 - 09:31 AM
Port Alfred,ZA,-33.59,64.99,81,0,1.99,07/13/2019 - 09:26 AM
Grand Gaube,MU,-20.01,73.4,53,75,10.29,07/13/2019 - 09:26 AM
Ushuaia,AR,-54.81,41,86,75,3.36,07/13/2019 - 09:20 AM
Puerto Ayora,EC,-0.74,69.8,83,20,2.24,07/13/2019 - 09:25 AM
Bredasdorp,ZA,-34.53,68,60,4,8.05,07/13/2019 - 09:25 AM
Bethel,US,60.79,55.4,100,90,2.3,07/13/2019 - 09:25 AM
Busselton,AU,-33.64,46.99,58,1,18.25,07/13/2019 - 09:25 AM
Carauari,BR,-4.88,86.5,56,40,3.6,07/13/2019 - 09:31 AM
Vardo,NO,70.37,53.6,58,75,16.11,07/13/2019 - 09:26 AM
Saint-Joseph,RE,-21.37,73.4,49,90,8.05,07/13/2019 - 09:31 AM
Rikitea,PF,-23.12,74.03,85,1,14.38,07/13/2019 - 09:25 AM
Ulladulla,AU,-35.36,48.99,58,0,18.34,07/13/2019 - 09:31 AM
Paris,US,36.3,82,88,90,5.17,07/13/2019 - 09:31 AM
Tecoanapa,MX,16.99,78.8,78,90,3.36,07/13/2019 - 09:31 AM
San Patricio,MX,19.22,80.6,83,75,3.8,07/13/2019 - 09:27 AM
Khatanga,RU,71.98,56.03,58,100,5.79,07/13/2019 - 09:25 AM
Daru,PG,-9.07,72.82,90,100,8.08,07/13/2019 - 09:31 AM
Presidencia Roque Saenz Pena,AR,-26.79,62.69,94,100,7.05,07/13/2019 - 09:28 AM
Souillac,MU,-20.52,73.4,53,75,10.29,07/13/2019 - 09:25 AM
Manokwari,ID,-0.87,72.28,62,100,6.29,07/13/2019 - 09:31 AM
Punta Arenas,CL,-53.16,39.2,100,90,14.99,07/13/2019 - 09:25 AM
Atuona,PF,-9.8,79.07,81,61,13.96,07/13/2019 - 09:25 AM
Sayyan,YE,15.17,87.53,28,64,11.48,07/13/2019 - 09:28 AM
Cape Town,ZA,-33.93,66.99,52,0,3.36,07/13/2019 - 09:22 AM
Pevek,RU,69.7,39.11,99,91,3.38,07/13/2019 - 09:26 AM
Hermanus,ZA,-34.42,66.99,70,0,1.99,07/13/2019 - 09:25 AM
Kalmunai,LK,7.42,78.76,84,91,2.8,07/13/2019 - 09:31 AM
Dikson,RU,73.51,32.63,94,100,7.92,07/13/2019 - 09:26 AM
Cayenne,GF,4.94,84.2,74,15,3.36,07/13/2019 - 09:26 AM
Hami,CN,42.84,91.85,15,17,5.41,07/13/2019 - 09:26 AM
Jiangyou,CN,31.78,62.38,89,3,3.02,07/13/2019 - 09:31 AM
Port Elizabeth,ZA,-33.92,66.2,72,0,12.75,07/13/2019 - 09:26 AM
Albany,AU,-35.02,53.6,76,90,6.93,07/13/2019 - 09:25 AM
Nemuro,JP,43.32,54.82,96,100,15.59,07/13/2019 - 09:31 AM
Praia da Vitoria,PT,38.73,82.4,61,20,12.37,07/13/2019 - 09:27 AM
Avarua,CK,-21.21,69.8,83,99,2.24,07/13/2019 - 09:25 AM
East London,ZA,-33.02,64.4,72,0,9.17,07/13/2019 - 09:26 AM
Yellowknife,CA,62.45,50,76,20,4.12,07/13/2019 - 09:25 AM
Arraial do Cabo,BR,-22.97,73.4,73,0,5.82,07/13/2019 - 09:26 AM
Iqaluit,CA,63.75,50,81,40,3.36,07/13/2019 - 09:26 AM
Kahului,US,20.89,77,83,20,14.99,07/13/2019 - 09:27 AM
Grindavik,IS,63.84,55.4,82,75,11.41,07/13/2019 - 09:25 AM
Butaritari,KI,3.07,83.39,76,71,13.47,07/13/2019 - 09:25 AM
Anadyr,RU,64.73,57.2,76,0,4.47,07/13/2019 - 09:26 AM
Gushikawa,JP,26.35,84.2,88,1,14.99,07/13/2019 - 09:31 AM
Isfana,KG,39.84,105.8,11,20,11.18,07/13/2019 - 09:31 AM
Thompson,CA,55.74,62.6,72,75,6.93,07/13/2019 - 09:26 AM
Dhidhdhoo,MV,6.88,83.98,71,100,5.95,07/13/2019 - 09:31 AM
Hithadhoo,MV,-0.6,84.47,76,23,13.06,07/13/2019 - 09:22 AM
Fortuna,US,40.6,59,93,90,6.93,07/13/2019 - 09:25 AM
Upernavik,GL,72.79,44.87,85,84,8.59,07/13/2019 - 09:25 AM
Borogontsy,RU,62.67,68.68,65,0,1.88,07/13/2019 - 09:31 AM
Shelburne,CA,44.08,75.2,60,20,9.17,07/13/2019 - 09:28 AM
Victoria,SC,-4.62,80.6,83,75,11.41,07/13/2019 - 09:26 AM
Ketchikan,US,55.34,57.2,100,1,3.36,07/13/2019 - 09:31 AM
Kapaa,US,22.08,78.8,78,40,13.87,07/13/2019 - 09:25 AM
Hilo,US,19.71,69.8,68,40,5.82,07/13/2019 - 09:25 AM
New Norfolk,AU,-42.78,42.8,98,20,12.75,07/13/2019 - 09:25 AM
Barrow,US,39.51,75.99,73,1,4.18,07/13/2019 - 09:25 AM
Tuktoyaktuk,CA,69.44,40.19,81,33,5.03,07/13/2019 - 09:25 AM
Mapiripan,CO,2.89,76.24,87,93,3.67,07/13/2019 - 09:31 AM
Martaban,MM,16.53,79.48,85,100,8.93,07/13/2019 - 09:31 AM
Vaini,TO,-21.2,71.6,73,75,11.41,07/13/2019 - 09:25 AM
Tagab,AF,34.85,93.2,13,20,19.46,07/13/2019 - 09:31 AM
Jamestown,SH,-15.94,69.17,71,88,12.93,07/13/2019 - 09:25 AM
Te Anau,NZ,-45.41,45.95,98,100,5.59,07/13/2019 - 09:26 AM
Hobart,AU,-42.88,42.8,60,20,10.29,07/13/2019 - 09:25 AM
Portree,GB,57.41,61,81,24,4,07/13/2019 - 09:31 AM
Morondava,MG,-20.3,75.7,70,0,12.55,07/13/2019 - 09:31 AM
Abashiri,JP,44.01,56.98,98,46,5.77,07/13/2019 - 09:31 AM
Rawson,AR,-43.3,41.81,58,83,14.07,07/13/2019 - 09:26 AM
Ixtapa,MX,20.71,80.01,100,90,3.36,07/13/2019 - 09:28 AM
Gimli,CA,50.63,66,75,0,7.07,07/13/2019 - 09:31 AM
Faanui,PF,-16.48,77.63,73,0,6.02,07/13/2019 - 09:26 AM
Kannauj,IN,27.05,96.76,44,85,19.84,07/13/2019 - 09:31 AM
Binga,CD,0.52,72.82,93,99,0.25,07/13/2019 - 09:31 AM
Zanjan,IR,36.67,93.2,9,0,10.83,07/13/2019 - 09:31 AM
Alice Springs,AU,-23.7,50,61,0,11.41,07/13/2019 - 09:28 AM
Jinji,CN,22.16,79.3,95,100,2.59,07/13/2019 - 09:31 AM
Mochudi,BW,-24.38,77,11,0,6.93,07/13/2019 - 09:31 AM
Lebu,CL,-37.62,53.15,81,0,5.3,07/13/2019 - 09:25 AM
Adrar,DZ,27.87,116.6,3,0,14.99,07/13/2019 - 09:28 AM
Rondonopolis,BR,-16.46,90.28,27,0,5.39,07/13/2019 - 09:31 AM
Norman Wells,CA,65.28,46.4,81,40,5.82,07/13/2019 - 09:25 AM
Rupert,US,42.62,68,87,1,3.36,07/13/2019 - 09:31 AM
Bluff,NZ,-46.6,46,96,100,1.99,07/13/2019 - 09:25 AM
Bambous Virieux,MU,-20.34,73.4,53,75,10.29,07/13/2019 - 09:25 AM
Aklavik,CA,68.22,51.8,81,20,4.7,07/13/2019 - 09:26 AM
Tasiilaq,GL,65.61,41,86,40,10.29,07/13/2019 - 09:25 AM
Mahanoro,MG,-19.9,62.38,89,4,0.31,07/13/2019 - 09:31 AM
Narsaq,GL,60.91,57.2,58,20,6.93,07/13/2019 - 09:25 AM
Inirida,CO,3.87,86.5,61,25,3.29,07/13/2019 - 09:31 AM
Mount Gambier,AU,-37.83,46.4,75,75,12.75,07/13/2019 - 09:27 AM
Great Bend,US,38.36,72,88,1,4.7,07/13/2019 - 09:27 AM
Aguia Branca,BR,-18.98,68.09,74,0,2.26,07/13/2019 - 09:27 AM
Salalah,OM,17.01,80.6,94,90,9.17,07/13/2019 - 09:26 AM
Marienburg,SR,5.88,84.99,70,40,8.05,07/13/2019 - 09:31 AM
Georgetown,SH,-7.93,80.6,51,20,17.22,07/13/2019 - 09:25 AM
Dakar,SN,14.69,86,70,40,4.7,07/13/2019 - 09:29 AM
Kodiak,US,39.95,77,50,1,5.06,07/13/2019 - 09:25 AM
Mishan,CN,45.55,60.4,96,100,1.97,07/13/2019 - 09:31 AM
Carnarvon,AU,-24.87,62.6,59,0,10.29,07/13/2019 - 09:25 AM
Ponta do Sol,PT,32.67,73.4,73,40,10.29,07/13/2019 - 09:31 AM
Northam,AU,-31.65,55.4,66,0,6.93,07/13/2019 - 09:27 AM
San Luis,AR,-33.3,57.52,49,0,4.54,07/13/2019 - 09:30 AM
Kerman,IR,30.29,98.6,4,40,13.87,07/13/2019 - 09:27 AM
Cherskiy,RU,68.75,61.43,58,34,11.59,07/13/2019 - 09:25 AM
Diapaga,BF,12.07,91.18,43,36,4.34,07/13/2019 - 09:31 AM
Ola,RU,59.58,53.92,76,0,2.59,07/13/2019 - 09:31 AM
Saint-Francois,GP,16.25,84.2,79,69,6.93,07/13/2019 - 09:26 AM
Yumen,CN,40.29,79.43,29,35,13.38,07/13/2019 - 09:27 AM
Mahebourg,MU,-20.41,73.4,53,75,10.29,07/13/2019 - 09:25 AM
Vila Franca do Campo,PT,37.72,71.6,83,20,12.75,07/13/2019 - 09:28 AM
Linxia,CN,35.6,62.69,53,32,2.91,07/13/2019 - 09:25 AM
Ribeira Grande,PT,38.52,73.4,88,75,9.17,07/13/2019 - 09:26 AM
Cidreira,BR,-30.17,64.13,90,37,6.78,07/13/2019 - 09:27 AM
Dossor,KZ,47.52,89.2,31,33,11.05,07/13/2019 - 09:31 AM
Paragominas,BR,-3,81.82,79,56,7.27,07/13/2019 - 09:31 AM
Axim,GH,4.87,76.37,85,100,14.03,07/13/2019 - 09:28 AM
Necochea,AR,-38.55,48,90,64,3,07/13/2019 - 09:27 AM
Maniitsoq,GL,65.42,43.97,85,100,11.41,07/13/2019 - 09:28 AM
Alekseyevsk,RU,57.84,63.82,48,45,3.38,07/13/2019 - 09:31 AM
Ongandjera,NA,-17.88,81.46,11,0,6.02,07/13/2019 - 09:31 AM
Sobolivka,UA,50.89,70.48,53,100,2.91,07/13/2019 - 09:31 AM
Kavieng,PG,-2.57,81.95,83,97,15.88,07/13/2019 - 09:25 AM
Esperance,AU,-33.86,50,81,40,5.82,07/13/2019 - 09:25 AM
Bonthe,SL,7.53,77.09,88,100,12.68,07/13/2019 - 09:28 AM
Port Shepstone,ZA,-30.74,63.1,72,0,4.29,07/13/2019 - 09:31 AM
Pisco,PE,-13.71,71.6,30,90,4.7,07/13/2019 - 09:31 AM
Mercedes,AR,-29.18,59.45,89,100,11.16,07/13/2019 - 09:28 AM
Srednekolymsk,RU,67.46,69.76,58,92,8.25,07/13/2019 - 09:32 AM
Nantucket,US,41.28,75.99,78,1,16.11,07/13/2019 - 09:26 AM
Dawei,MM,14.07,82.72,79,100,12.21,07/13/2019 - 09:32 AM
Hobyo,SO,5.35,88.07,49,50,30.76,07/13/2019 - 09:28 AM
Husavik,IS,66.04,59,72,40,5.82,07/13/2019 - 09:27 AM
Santiago,PH,16.69,72.82,95,88,2.89,07/13/2019 - 09:31 AM
Port Augusta,AU,-32.49,39.99,93,0,3.36,07/13/2019 - 09:32 AM
Ancud,CL,-41.87,42.8,100,0,11.41,07/13/2019 - 09:25 AM
Richards Bay,ZA,-28.77,71.38,76,0,24.7,07/13/2019 - 09:32 AM
Ostrovnoy,RU,68.05,51.35,60,2,7.34,07/13/2019 - 09:28 AM
Sikonge,TZ,-5.63,84.2,35,20,11.41,07/13/2019 - 09:32 AM
Pacific Grove,US,36.62,59,87,90,3.36,07/13/2019 - 09:21 AM
Sibu,MY,2.29,78.8,88,75,3.36,07/13/2019 - 09:28 AM
Kaitangata,NZ,-46.28,52,63,98,1.99,07/13/2019 - 09:28 AM
Tondano,ID,1.3,77,73,40,4.7,07/13/2019 - 09:32 AM
Port Hawkesbury,CA,45.62,64,93,90,17.22,07/13/2019 - 09:32 AM
Bathsheba,BB,13.22,84.2,79,40,13.87,07/13/2019 - 09:26 AM
Innisfail,AU,-17.52,60.04,73,0,5.44,07/13/2019 - 09:32 AM
Alyangula,AU,-13.85,73.4,64,3,10.29,07/13/2019 - 09:32 AM
Nishihara,JP,35.74,78.01,100,1,5.82,07/13/2019 - 09:32 AM
Katsuura,JP,33.93,71.6,94,75,6.93,07/13/2019 - 09:26 AM
Kholm-Zhirkovskiy,RU,55.52,62.92,51,84,3.18,07/13/2019 - 09:32 AM
Xichang,CN,27.88,55,92,100,3.6,07/13/2019 - 09:32 AM
Kadoshkino,RU,54.03,67.24,82,79,5.59,07/13/2019 - 09:32 AM
Tiksi,RU,71.64,44.15,69,31,12.28,07/13/2019 - 09:25 AM
Oktyabrskiy,RU,55.61,66.2,48,0,6.71,07/13/2019 - 09:32 AM
Qaanaaq,GL,77.48,45.77,50,33,13.2,07/13/2019 - 09:25 AM
Mahibadhoo,MV,3.78,83.8,77,68,10.04,07/13/2019 - 09:32 AM
Cap Malheureux,MU,-19.98,73.4,53,75,10.29,07/13/2019 - 09:32 AM
Baghdad,IQ,33.3,104,16,0,10.29,07/13/2019 - 09:27 AM
Erenhot,CN,43.65,82.36,25,96,11.83,07/13/2019 - 09:32 AM
Puerto Madryn,AR,-42.77,53.02,47,100,19.44,07/13/2019 - 09:32 AM
Black River,JM,18.03,87.01,58,20,2.24,07/13/2019 - 09:32 AM
Lebyazhye,RU,59.96,62.6,51,40,6.71,07/13/2019 - 09:32 AM
Mitsamiouli,KM,-11.38,78.58,76,0,21.83,07/13/2019 - 09:32 AM
Sahuaripa,MX,29.05,81.1,58,0,0.98,07/13/2019 - 09:32 AM
Saskylakh,RU,71.97,57.83,59,100,8.19,07/13/2019 - 09:25 AM
Sao Joao da Barra,BR,-21.64,75.2,53,0,11.41,07/13/2019 - 09:25 AM
Peace River,CA,56.23,55.99,100,90,8.05,07/13/2019 - 09:32 AM
Santa Cruz,CR,10.26,77,88,0,4.7,07/13/2019 - 09:32 AM
Gazimurskiy Zavod,RU,51.55,61.3,78,100,1.1,07/13/2019 - 09:32 AM
West Bay,KY,19.37,86,79,20,11.41,07/13/2019 - 09:32 AM
Funadhoo,MV,6.15,84.16,71,97,3.91,07/13/2019 - 09:32 AM
Ponta Delgada,PT,37.73,71.6,83,20,12.75,07/13/2019 - 09:26 AM
Mar del Plata,AR,-46.43,41.99,74,100,9.17,07/13/2019 - 09:26 AM
Opuwo,NA,-18.06,85.42,9,0,5.95,07/13/2019 - 09:32 AM
Zhigansk,RU,66.77,55,67,83,10.56,07/13/2019 - 09:32 AM
Shenjiamen,CN,29.96,74.26,92,100,6.2,07/13/2019 - 09:32 AM
Huilong,CN,31.15,74.62,83,11,2.8,07/13/2019 - 09:32 AM
Isangel,VU,-19.55,73.4,83,20,13.87,07/13/2019 - 09:26 AM
Vila Velha,BR,-3.71,78.8,83,75,9.17,07/13/2019 - 09:26 AM
Cascais,PT,38.7,77,73,20,13.87,07/13/2019 - 09:32 AM
Talnakh,RU,69.49,51.8,87,75,6.71,07/13/2019 - 09:25 AM
Yulara,AU,-25.24,50,57,0,10.29,07/13/2019 - 09:25 AM
Doha,QA,25.29,109.4,53,0,17.22,07/13/2019 - 09:30 AM
Xining,CN,36.62,57.47,62,85,7.94,07/13/2019 - 09:28 AM
Lahuachaca,BO,-17.38,51.58,29,0,2.33,07/13/2019 - 09:32 AM
Yiyang,CN,28.59,68.68,96,46,1.57,07/13/2019 - 09:32 AM
Umm Lajj,SA,25.02,88.12,68,0,8.5,07/13/2019 - 09:32 AM
Morehead,PG,-8.71,69.22,93,68,2.82,07/13/2019 - 09:32 AM
Moose Factory,CA,51.26,51.8,100,90,4.7,07/13/2019 - 09:32 AM
Lompoc,US,34.64,55.99,93,90,5.66,07/13/2019 - 09:26 AM
Wuwei,CN,37.93,71.56,31,100,8.57,07/13/2019 - 09:32 AM
Khon Buri,TH,14.52,93,58,100,5.79,07/13/2019 - 09:32 AM
Bam,IR,29.11,82.72,12,64,9.6,07/13/2019 - 09:32 AM
Meulaboh,ID,4.14,84.65,74,100,8.16,07/13/2019 - 09:27 AM
Chicama,PE,-7.84,62.6,88,90,8.05,07/13/2019 - 09:32 AM
Mantua,CU,22.29,84.34,77,100,6.17,07/13/2019 - 09:32 AM
Changde,CN,29.04,70.12,93,48,3.44,07/13/2019 - 09:32 AM
Kudahuvadhoo,MV,2.67,83.98,77,43,10.33,07/13/2019 - 09:32 AM
Benicarlo,ES,40.42,88,50,35,5.99,07/13/2019 - 09:32 AM
Hohhot,CN,40.81,73.4,56,40,6.71,07/13/2019 - 09:32 AM
Ilo,PE,-17.65,60.8,87,90,4.7,07/13/2019 - 09:32 AM
Sola,VU,-13.88,81.1,78,76,22.39,07/13/2019 - 09:32 AM
Imbituba,BR,-28.24,64.4,88,0,6.93,07/13/2019 - 09:32 AM
Saint-Philippe,RE,-21.36,73.4,49,90,8.05,07/13/2019 - 09:25 AM
Chokurdakh,RU,70.62,52.79,58,3,5.28,07/13/2019 - 09:25 AM
Acapulco,MX,16.86,78.8,78,90,3.36,07/13/2019 - 09:26 AM
Kodinar,IN,20.79,83.08,75,100,16.55,07/13/2019 - 09:32 AM
Beloha,MG,-25.17,67.24,57,0,11.14,07/13/2019 - 09:32 AM
Saint George,BM,32.38,84,78,75,14.99,07/13/2019 - 09:23 AM
Alberton,CA,46.81,66.99,80,100,15.01,07/13/2019 - 09:32 AM
Nikolskoye,RU,59.7,62.6,51,40,6.71,07/13/2019 - 09:25 AM
Nalut,LY,31.86,98.51,12,0,8.88,07/13/2019 - 09:26 AM
Westport,IE,53.8,64,67,75,8.05,07/13/2019 - 09:32 AM
Clyde River,CA,70.47,51.8,71,1,2.24,07/13/2019 - 09:27 AM
Kaya,BF,13.09,94.6,37,78,8.9,07/13/2019 - 09:32 AM
Jidong,CN,45.25,59.86,98,100,2.3,07/13/2019 - 09:32 AM
Magistralnyy,RU,56.17,56.08,69,0,0.43,07/13/2019 - 09:32 AM
Severo-Kurilsk,RU,50.68,44.51,95,100,19.82,07/13/2019 - 09:27 AM
Vysokogornyy,RU,50.1,53.56,98,98,3.65,07/13/2019 - 09:32 AM
Tahe,CN,52.34,64.18,79,90,1.5,07/13/2019 - 09:32 AM
Parthenay,FR,46.65,84.99,34,2,9.17,07/13/2019 - 09:32 AM
Camacha,PT,33.08,75.2,69,20,16.11,07/13/2019 - 09:27 AM
Bahia Blanca,AR,-38.72,42.17,71,0,6.4,07/13/2019 - 09:28 AM
Caohai,CN,26.87,53.74,86,99,0.81,07/13/2019 - 09:32 AM
Palmer,US,61.6,59,76,90,3.36,07/13/2019 - 09:26 AM
Mingaora,PK,34.78,73.54,80,40,1.7,07/13/2019 - 09:32 AM
Broken Hill,AU,-31.97,42.8,58,4,6.93,07/13/2019 - 09:27 AM
Riyadh,SA,24.63,109.4,6,0,13.87,07/13/2019 - 09:28 AM
Nome,US,30.04,81,78,90,17.22,07/13/2019 - 09:25 AM
Kalabo,ZM,-15,83.21,11,0,5.1,07/13/2019 - 09:28 AM
Jega,NG,12.22,91.54,43,62,14.67,07/13/2019 - 09:32 AM
Dzaoudzi,YT,-12.79,82.4,69,40,13.87,07/13/2019 - 09:32 AM
Zaysan,KZ,47.47,67.6,49,18,5.19,07/13/2019 - 09:32 AM
Sanming,CN,26.24,72.46,96,100,2.66,07/13/2019 - 09:32 AM
Zyryanka,RU,65.73,73.67,48,84,5.84,07/13/2019 - 09:25 AM
Ust-Kuyga,RU,70,51.76,60,100,6.67,07/13/2019 - 09:32 AM
Chapais,CA,49.78,64.4,77,90,6.93,07/13/2019 - 09:27 AM
Rio Gallegos,AR,-51.62,42.8,87,90,12.75,07/13/2019 - 09:32 AM
Chuy,UY,-33.69,52.43,89,53,11.43,07/13/2019 - 09:25 AM
Isoka,ZM,-10.15,73.18,42,0,7.52,07/13/2019 - 09:32 AM
Palana,RU,59.08,54.41,83,0,2.73,07/13/2019 - 09:26 AM
Dire Dawa,ET,9.59,76.24,55,78,4.68,07/13/2019 - 09:32 AM
Aksu,CN,41.12,80.56,30,100,21.36,07/13/2019 - 09:32 AM
Polunochnoye,RU,60.87,79.61,62,98,0.49,07/13/2019 - 09:26 AM
Tarm,DK,55.91,66.2,88,75,11.41,07/13/2019 - 09:32 AM
Yavaros,MX,26.7,82.99,68,71,1.99,07/13/2019 - 09:32 AM
Sitka,US,37.17,69.01,85,0,8.55,07/13/2019 - 09:27 AM
Geraldton,AU,-28.77,55.4,66,0,11.41,07/13/2019 - 09:30 AM
Hovd,MN,48.01,65.93,39,99,4.43,07/13/2019 - 09:28 AM
Dunmore Town,BS,25.5,82.9,80,0,11.48,07/13/2019 - 09:32 AM
Galle,LK,6.04,83.26,79,0,9.42,07/13/2019 - 09:32 AM
Spornoye,RU,50.84,71.6,43,40,6.71,07/13/2019 - 09:32 AM
Andenes,NO,69.31,55,81,75,19.46,07/13/2019 - 09:32 AM
Dingle,IE,52.14,66.2,63,75,4.7,07/13/2019 - 09:27 AM
Illapel,CL,-31.63,55.18,68,0,5.57,07/13/2019 - 09:32 AM
Upata,VE,8.02,82,77,0,1.99,07/13/2019 - 09:32 AM
Kruisfontein,ZA,-34,63.95,60,0,4.52,07/13/2019 - 09:27 AM
Sobolevo,RU,54.43,62.33,60,32,1.86,07/13/2019 - 09:27 AM
Ust-Omchug,RU,61.13,57.16,64,0,5.19,07/13/2019 - 09:32 AM
Moron,MN,47.38,63.82,62,0,4.85,07/13/2019 - 09:32 AM
Skjervoy,NO,70.03,47.44,84,0,8.1,07/13/2019 - 09:32 AM
Haapiti,PF,-17.57,73.4,83,20,4.7,07/13/2019 - 09:32 AM
Hasaki,JP,35.73,73.4,100,90,6.93,07/13/2019 - 09:25 AM
Castro,CL,-42.48,42.8,100,0,11.41,07/13/2019 - 09:26 AM
Cienfuegos,CU,22.15,82.4,78,75,6.93,07/13/2019 - 09:32 AM
Yellandu,IN,17.59,80.38,83,100,7.16,07/13/2019 - 09:32 AM
Rio Grande,BR,-32.03,57.2,93,90,11.41,07/13/2019 - 09:32 AM
Zhuanghe,CN,39.7,65.8,89,0,1.43,07/13/2019 - 09:32 AM
Udachnyy,RU,66.42,62.6,77,90,4.47,07/13/2019 - 09:27 AM
Belaya Gora,RU,68.54,57.16,65,96,13.42,07/13/2019 - 09:32 AM
Mayo,CA,63.59,55.4,100,90,2.24,07/13/2019 - 09:32 AM
Ahipara,NZ,-35.17,61.43,85,100,24.49,07/13/2019 - 09:28 AM
San Rafael,BO,-12.93,78.8,83,40,4.7,07/13/2019 - 09:32 AM
Chara,RU,56.9,49.42,96,100,2.46,07/13/2019 - 09:32 AM
Saint-Leu,RE,-21.15,73.4,49,90,8.05,07/13/2019 - 09:32 AM
Oriximina,BR,-1.77,85.6,58,100,5.5,07/13/2019 - 09:32 AM
Urengoy,RU,65.96,60.94,56,100,8.99,07/13/2019 - 09:32 AM
Ilulissat,GL,69.22,48.2,66,20,5.82,07/13/2019 - 09:26 AM
Dalbandin,PK,28.9,98.2,7,0,12.35,07/13/2019 - 09:32 AM
Los Llanos de Aridane,ES,28.66,78.8,61,20,11.41,07/13/2019 - 09:32 AM
Oloron-Sainte-Marie,FR,43.19,80.6,73,40,5.82,07/13/2019 - 09:32 AM
Cap-aux-Meules,CA,47.38,59,93,90,11.41,07/13/2019 - 09:32 AM
Kitimat,CA,54.02,57.2,93,75,6.93,07/13/2019 - 09:32 AM
Evanston,US,42.04,81,54,1,10.29,07/13/2019 - 09:32 AM
Tupiza,BO,-21.44,52.66,8,0,16.4,07/13/2019 - 09:32 AM
Mehamn,NO,71.03,44.2,79,100,7.96,07/13/2019 - 09:32 AM
Vagay,RU,57.94,76.6,73,0,5.3,07/13/2019 - 09:32 AM
Quatre Cocos,MU,-20.21,73.4,53,75,10.29,07/13/2019 - 09:32 AM
Iguape,BR,-24.7,80.02,48,1,1.77,07/13/2019 - 09:32 AM
Vao,NC,-22.67,71.69,82,76,16.51,07/13/2019 - 09:26 AM
Talcahuano,CL,-36.72,48.2,100,20,6.93,07/13/2019 - 09:31 AM
Darhan,MN,49.49,71.69,68,22,7.96,07/13/2019 - 09:26 AM
Poum,NC,-20.23,72.05,72,100,4.54,07/13/2019 - 09:27 AM
Chunskiy,RU,56.08,61.12,65,92,1.68,07/13/2019 - 09:32 AM
Joshimath,IN,30.57,56.26,90,81,2.08,07/13/2019 - 09:32 AM
Cordoba,AR,-27.78,56.26,44,0,4.36,07/13/2019 - 09:32 AM
Atikokan,CA,48.76,71.92,44,0,3.78,07/13/2019 - 09:32 AM
Cabo San Lucas,MX,22.89,78.01,65,5,11.41,07/13/2019 - 09:25 AM
Touros,BR,-5.2,82.4,69,75,14.99,07/13/2019 - 09:28 AM
Nanortalik,GL,60.14,45.59,76,45,6.42,07/13/2019 - 09:27 AM
Aurangabad,IN,19.87,86,62,40,5.82,07/13/2019 - 09:30 AM
Fairbanks,US,64.84,60.8,93,90,1.99,07/13/2019 - 09:20 AM
Loma Bonita,MX,18.11,78.01,87,99,4.43,07/13/2019 - 09:32 AM
Ugra,RU,54.78,59.32,82,91,2.89,07/13/2019 - 09:32 AM
Kiboga,UG,0.92,71.38,75,100,1.83,07/13/2019 - 09:32 AM
Brae,GB,60.4,55.4,82,75,10.29,07/13/2019 - 09:27 AM
Anchorage,US,61.22,59,82,90,5.82,07/13/2019 - 09:27 AM
Kinablangan,PH,7.69,70.84,91,100,3.44,07/13/2019 - 09:32 AM
Piuma,BR,-20.84,82,39,0,2.86,07/13/2019 - 09:32 AM
Namibe,AO,-15.19,66.65,84,74,9.01,07/13/2019 - 09:26 AM
Suntar,RU,62.16,61.66,85,71,5.14,07/13/2019 - 09:32 AM
Makasar,ID,-6.28,82.4,69,20,4.7,07/13/2019 - 09:32 AM
Southbridge,NZ,-43.81,57,66,72,8.05,07/13/2019 - 09:32 AM
Lumeje,AO,-11.56,82.18,17,0,3.11,07/13/2019 - 09:32 AM
Yarim,YE,14.3,86.27,27,55,8.99,07/13/2019 - 09:28 AM
Coahuayana,MX,18.62,74.26,90,83,0.83,07/13/2019 - 09:32 AM
Mandera,KE,3.94,89.2,37,51,20.29,07/13/2019 - 09:32 AM
Shubarshi,KZ,48.59,99.28,17,61,14.97,07/13/2019 - 09:32 AM
Nivala,FI,63.93,55,59,100,1.99,07/13/2019 - 09:32 AM
Pochutla,MX,15.74,75.99,88,90,3.4,07/13/2019 - 09:28 AM
Sandwick,GB,54.57,72,82,85,9.17,07/13/2019 - 09:32 AM
Jutai,BR,-1.71,80.2,94,3,4.43,07/13/2019 - 09:32 AM
Ratnagiri,IN,16.98,82.18,86,73,9.35,07/13/2019 - 09:32 AM
Kurchum,KZ,48.57,69.04,59,0,11.74,07/13/2019 - 09:32 AM
Yantal,RU,56.85,58.78,56,0,2.48,07/13/2019 - 09:32 AM
Nabire,ID,-3.36,66.65,97,52,3.76,07/13/2019 - 09:28 AM
Hambantota,LK,6.12,82.4,88,0,8.05,07/13/2019 - 09:27 AM
Shetpe,KZ,44.14,80.92,53,4,20.4,07/13/2019 - 09:32 AM
Coari,BR,-4.09,86.32,59,1,4.99,07/13/2019 - 09:32 AM
Cabedelo,BR,-6.97,82.4,74,75,4.7,07/13/2019 - 09:32 AM
Cockburn Town,BS,24.03,82.49,82,27,17.98,07/13/2019 - 09:27 AM
Pierre,US,44.37,73.99,94,1,5.82,07/13/2019 - 09:32 AM
Hameenlinna,FI,61,68,42,0,8.05,07/13/2019 - 09:32 AM
Barcelos,BR,-0.97,86.32,59,11,5.46,07/13/2019 - 09:32 AM
Soe,ID,-9.86,66.65,92,63,7.07,07/13/2019 - 09:27 AM
Kota,IN,25.17,86.14,59,100,16.78,07/13/2019 - 09:32 AM
Waingapu,ID,-9.65,67.55,83,0,9.84,07/13/2019 - 09:27 AM
Valley City,US,46.92,69.8,100,40,3.36,07/13/2019 - 09:28 AM
Homer,US,59.64,55,87,40,1.59,07/13/2019 - 09:32 AM
Hamilton,BM,32.3,84,78,75,14.99,07/13/2019 - 09:27 AM
Cedar City,US,37.68,77,29,90,10.29,07/13/2019 - 09:32 AM
Lakatoro,VU,-16.11,77.68,77,56,8.59,07/13/2019 - 09:32 AM
Livingston,US,45.66,64,87,1,5.82,07/13/2019 - 09:32 AM
Sept-Iles,CA,50.2,55.99,93,90,13.87,07/13/2019 - 09:25 AM
Hervey Bay,AU,-25.3,60.8,41,83,8.05,07/13/2019 - 09:26 AM
Ojinaga,MX,29.57,78.8,47,1,1.72,07/13/2019 - 09:32 AM
Nara,ML,15.17,95.32,34,90,10.56,07/13/2019 - 09:32 AM
Marystown,CA,47.17,59.68,73,100,5.28,07/13/2019 - 09:32 AM
Ayagoz,KZ,47.96,71.2,52,0,22.48,07/13/2019 - 09:32 AM
Evensk,RU,61.92,52.3,89,5,0.36,07/13/2019 - 09:32 AM
Boende,CD,-0.28,83.26,72,61,2.19,07/13/2019 - 09:32 AM
Marica,BR,-22.92,78.8,73,0,5.82,07/13/2019 - 09:29 AM
Denpasar,ID,-8.65,77,78,20,12.75,07/13/2019 - 09:32 AM
The Valley,AI,18.22,86,69,40,17.22,07/13/2019 - 09:28 AM
Kavaratti,IN,10.57,83.57,76,77,12.75,07/13/2019 - 09:26 AM
Piombino,IT,42.93,89.01,61,20,3.36,07/13/2019 - 09:32 AM
Mount Isa,AU,-20.73,60.8,44,71,14.99,07/13/2019 - 09:27 AM
Hofn,IS,64.25,55.4,87,90,8.05,07/13/2019 - 09:26 AM
Vemalwada,IN,18.47,77.14,83,100,5.46,07/13/2019 - 09:32 AM
Kununurra,AU,-15.77,75.2,17,11,8.05,07/13/2019 - 09:32 AM
Antsohihy,MG,-14.88,81.1,57,61,6.69,07/13/2019 - 09:32 AM
Inhambane,MZ,-23.87,80.6,57,40,11.41,07/13/2019 - 09:26 AM
San Policarpo,PH,12.18,77.45,87,100,5.79,07/13/2019 - 09:28 AM
Mutis,CO,6.23,80.2,76,100,0.89,07/13/2019 - 09:32 AM
Gazojak,TM,41.19,101.98,8,0,13.56,07/13/2019 - 09:32 AM
Port Lincoln,AU,-34.72,54.77,67,77,15.79,07/13/2019 - 09:25 AM
Prince George,CA,53.92,57,93,20,4.7,07/13/2019 - 09:31 AM
San Ramon,BO,-13.27,78.8,83,40,4.7,07/13/2019 - 09:27 AM
Erdenet,MN,49.03,60.58,82,100,5.97,07/13/2019 - 09:32 AM
Pulandian,CN,39.4,73.4,88,40,4.47,07/13/2019 - 09:32 AM
Rohnert Park,US,38.34,60.01,100,90,1.21,07/13/2019 - 09:32 AM
Mazagao,BR,-0.12,78.8,100,75,5.82,07/13/2019 - 09:29 AM
Antofagasta,CL,-23.65,55.4,71,90,6.93,07/13/2019 - 09:27 AM
Okhotsk,RU,59.36,51.71,97,23,7.76,07/13/2019 - 09:27 AM
Jatiroto,ID,-7.61,66.7,94,0,2.64,07/13/2019 - 09:33 AM
Garachine,PA,8.06,81.64,73,99,3.56,07/13/2019 - 09:33 AM
Torbay,CA,47.66,61,77,75,9.17,07/13/2019 - 09:22 AM
Vammala,FI,61.34,66.99,42,0,8.05,07/13/2019 - 09:33 AM
San Cristobal,EC,-1.02,69.35,91,92,6.06,07/13/2019 - 09:26 AM
Yeppoon,AU,-23.13,59,58,60,2.24,07/13/2019 - 09:27 AM
Champerico,GT,14.3,73.4,88,40,0.89,07/13/2019 - 09:33 AM
Mago,RU,53.27,50.68,97,98,3.06,07/13/2019 - 09:33 AM
Lovozero,RU,68.01,52.3,69,75,8.77,07/13/2019 - 09:33 AM
Taitung,TW,22.76,82.4,88,0,3.36,07/13/2019 - 09:33 AM
Thoen,TH,17.61,74.08,89,100,2.71,07/13/2019 - 09:33 AM
Newtonmore,GB,57.07,64.99,77,75,8.05,07/13/2019 - 09:33 AM
Impfondo,CG,1.64,87.58,52,100,1.25,07/13/2019 - 09:33 AM
Gambela,ET,8.25,73.18,95,96,1.14,07/13/2019 - 09:33 AM
Killarney,CA,49.18,77,94,1,2.24,07/13/2019 - 09:33 AM
Sorong,ID,-0.86,73.36,85,100,8.34,07/13/2019 - 09:33 AM
Tuy Hoa,VN,13.08,78.76,74,4,5.26,07/13/2019 - 09:33 AM
Krasnyy Oktyabr,RU,56.12,62.2,55,100,4.38,07/13/2019 - 09:33 AM
Prince Rupert,CA,54.32,59,93,90,4.7,07/13/2019 - 09:30 AM
Peleduy,RU,59.63,63.95,71,48,4.74,07/13/2019 - 09:26 AM
Belogorsk,RU,50.92,68.09,84,87,2.64,07/13/2019 - 09:28 AM
Belmonte,BR,-26.84,63.23,81,34,1.32,07/13/2019 - 09:28 AM
Khakhea,BW,-24.69,76.24,10,0,6.53,07/13/2019 - 09:33 AM
Itatiaia,BR,-22.5,74.08,43,0,2.93,07/13/2019 - 09:33 AM
Samarai,PG,-10.62,73.49,95,100,5.41,07/13/2019 - 09:25 AM
Vestmannaeyjar,IS,63.44,53.6,100,90,6.93,07/13/2019 - 09:27 AM
Ampanihy,MG,-24.69,64.9,69,0,9.84,07/13/2019 - 09:33 AM
Pundaguitan,PH,6.37,79.12,80,100,7.27,07/13/2019 - 09:33 AM
College,US,64.86,61,87,90,1.99,07/13/2019 - 09:28 AM
Bilma,NE,18.69,100.49,20,5,4.59,07/13/2019 - 09:28 AM
Khorixas,NA,-20.37,88.66,7,0,8.57,07/13/2019 - 09:33 AM
Provideniya,RU,64.42,61.61,61,55,3.36,07/13/2019 - 09:25 AM
Riorges,FR,46.04,81,34,0,6.93,07/13/2019 - 09:33 AM
Waihi Beach,NZ,-37.4,57.99,86,100,1.01,07/13/2019 - 09:33 AM
Shanghai,CN,31.23,73.4,88,75,2.24,07/13/2019 - 09:28 AM
Aksarayskiy,RU,46.79,77,41,40,13.42,07/13/2019 - 09:33 AM
Cavarzere,IT,45.14,87.01,45,20,9.19,07/13/2019 - 09:33 AM
Presidente Medici,BR,-11.18,92.08,40,8,2.44,07/13/2019 - 09:33 AM
Rosarito,MX,27.04,82.4,54,75,8.05,07/13/2019 - 09:26 AM
Nizhnyaya Poyma,RU,56.16,63.1,62,92,1.9,07/13/2019 - 09:33 AM
Mednogorskiy,RU,43.92,58.42,91,34,2.8,07/13/2019 - 09:33 AM
Nuuk,GL,64.17,44.6,93,90,12.75,07/13/2019 - 09:27 AM
George,ZA,-33.96,62.6,72,20,6.93,07/13/2019 - 09:33 AM
Khed Brahma,IN,24.03,88.48,56,100,10,07/13/2019 - 09:33 AM
Sao Felix do Xingu,BR,-6.64,90.1,40,32,6.46,07/13/2019 - 09:33 AM
Nenjiang,CN,49.17,65.62,88,85,1.81,07/13/2019 - 09:33 AM
Najran,SA,17.54,100.4,12,40,9.17,07/13/2019 - 09:27 AM
Deder,ET,9.31,85.96,40,51,4.18,07/13/2019 - 09:33 AM
Nalhati,IN,24.29,83.44,81,100,3.42,07/13/2019 - 09:33 AM
Makakilo City,US,21.35,80.6,65,20,11.41,07/13/2019 - 09:25 AM
Taltal,CL,-25.41,50.81,73,65,2.44,07/13/2019 - 09:27 AM
Ambilobe,MG,-13.19,76.42,55,85,6.17,07/13/2019 - 09:33 AM
Kaeo,NZ,-35.1,61,88,100,11.01,07/13/2019 - 09:33 AM
Eyl,SO,7.98,90.64,35,58,19.13,07/13/2019 - 09:33 AM
Nyurba,RU,63.29,61.66,93,65,4.38,07/13/2019 - 09:33 AM
Yorkton,CA,51.21,60.8,87,1,4.7,07/13/2019 - 09:33 AM
Leningradskiy,RU,69.38,44.15,82,96,10.04,07/13/2019 - 09:26 AM
Kysyl-Syr,RU,63.9,68.86,69,58,1.57,07/13/2019 - 09:33 AM
Tahta,EG,26.77,107.6,18,0,23.04,07/13/2019 - 09:33 AM
Kautokeino,NO,69.01,57.47,45,100,4.25,07/13/2019 - 09:27 AM
Cangucu,BR,-31.39,57.2,93,90,11.41,07/13/2019 - 09:30 AM
Henties Bay,NA,-22.12,55.99,91,0,1.99,07/13/2019 - 09:24 AM
Quballat,TN,36.54,96.8,26,0,10.29,07/13/2019 - 09:33 AM
Guerrero Negro,MX,27.97,66.29,89,0,11.27,07/13/2019 - 09:26 AM
Porto de Moz,BR,-1.75,77.81,84,7,3.29,07/13/2019 - 09:28 AM
Arlit,NE,18.74,100.67,21,0,5.7,07/13/2019 - 09:27 AM
Dhanera,IN,24.51,89.74,53,100,19.28,07/13/2019 - 09:33 AM
Mareeba,AU,-16.99,60.8,82,0,3.36,07/13/2019 - 09:33 AM
Mende,FR,44.52,75.2,36,0,9.17,07/13/2019 - 09:33 AM
Robertsport,LR,6.75,77.63,88,93,13.15,07/13/2019 - 09:27 AM
Mindelo,CV,16.89,84.2,51,20,20.8,07/13/2019 - 09:33 AM
High Rock,BS,26.63,86,74,40,6.93,07/13/2019 - 09:33 AM
Sungaipenuh,ID,-2.08,74.8,97,94,1.45,07/13/2019 - 09:33 AM
Frankfort,ZA,-27.28,58.78,21,0,4.29,07/13/2019 - 09:33 AM
Seoul,KR,37.57,77,88,40,1.12,07/13/2019 - 09:23 AM
Mulanje,MW,-16.03,75.2,47,20,16.11,07/13/2019 - 09:33 AM
Tiarei,PF,-17.53,73.4,83,40,3.36,07/13/2019 - 09:23 AM
Longyearbyen,SJ,78.22,41,80,75,9.17,07/13/2019 - 09:25 AM
Barentu,ER,15.11,86.68,44,100,9.75,07/13/2019 - 09:33 AM
Rychvald,CZ,49.87,73.99,60,20,4.7,07/13/2019 - 09:33 AM
Puerto Carreno,CO,6.19,78.8,88,75,2.08,07/13/2019 - 09:31 AM
Tromso,NO,69.65,66.2,62,0,8.05,07/13/2019 - 09:33 AM
Yarmouth,CA,43.84,66.2,88,90,8.05,07/13/2019 - 09:30 AM
Nokaneng,BW,-19.66,79.66,9,0,8.16,07/13/2019 - 09:33 AM
Forestville,CA,48.74,59,100,90,6.93,07/13/2019 - 09:33 AM
Nakanojo,JP,36.61,73.99,95,100,1.43,07/13/2019 - 09:33 AM
Ivanteyevka,RU,55.97,66.2,55,40,11.18,07/13/2019 - 09:33 AM
Pyapon,MM,16.29,78.22,89,100,6.6,07/13/2019 - 09:33 AM
Oksovskiy,RU,62.61,56.44,75,40,5.59,07/13/2019 - 09:33 AM
Harper,LR,4.38,76.42,81,100,16.64,07/13/2019 - 09:33 AM
Kamaishi,JP,39.28,58.55,96,43,2.19,07/13/2019 - 09:27 AM
Gizo,SB,-8.1,82.18,81,61,12.95,07/13/2019 - 09:33 AM
Maltahohe,NA,-24.83,72.64,10,0,14.36,07/13/2019 - 09:33 AM
Sao Filipe,CV,14.9,73.13,82,38,16.69,07/13/2019 - 09:25 AM
Sault Sainte Marie,CA,46.49,66.2,82,75,8.05,07/13/2019 - 09:33 AM
Soller,ES,39.77,95,34,0,14.99,07/13/2019 - 09:33 AM
Dabakala,CI,8.36,83.08,64,92,5.03,07/13/2019 - 09:33 AM
Progreso,MX,20.25,65.8,70,74,0.76,07/13/2019 - 09:33 AM
Buraydah,SA,26.33,105.8,15,0,13.87,07/13/2019 - 09:27 AM
Banapur,IN,19.78,81.82,83,100,5.14,07/13/2019 - 09:33 AM
Constitucion,MX,23.99,62.01,100,20,3.36,07/13/2019 - 09:26 AM
Pachino,IT,36.72,82.4,61,20,18.34,07/13/2019 - 09:33 AM
Ambon,ID,-3.7,79,78,40,6.93,07/13/2019 - 09:29 AM
Costa Rica,BR,-22.06,77.68,42,95,7.47,07/13/2019 - 09:33 AM
Karlskoga,SE,59.33,71.6,40,0,3.36,07/13/2019 - 09:33 AM
Teguise,ES,29.06,80.6,57,20,20.8,07/13/2019 - 09:33 AM
High Prairie,CA,55.43,55.72,95,100,2.64,07/13/2019 - 09:33 AM
Sambava,MG,-14.27,67.96,85,88,3.56,07/13/2019 - 09:33 AM
Sisimiut,GL,66.94,41.5,87,100,12.75,07/13/2019 - 09:33 AM
Sioux Lookout,CA,50.1,64.4,72,20,5.82,07/13/2019 - 09:28 AM
Presidente Dutra,BR,-5.29,87.58,48,82,9.62,07/13/2019 - 09:33 AM
Koumra,TD,8.92,83.44,68,60,1.7,07/13/2019 - 09:33 AM
Chalus,IR,36.66,80.6,78,90,4.7,07/13/2019 - 09:33 AM
Gushi,CN,32.17,74.62,77,0,7.43,07/13/2019 - 09:33 AM
Jalu,LY,29.03,100.18,12,0,15.82,07/13/2019 - 09:33 AM
Sovetskiy,RU,56.76,65.98,86,5,6.6,07/13/2019 - 09:33 AM
Byron Bay,AU,-28.65,59,43,44,13.87,07/13/2019 - 09:25 AM
Prado,BR,-17.34,78.94,56,0,4.7,07/13/2019 - 09:33 AM
Oschatz,DE,51.3,77,72,75,8.05,07/13/2019 - 09:33 AM
Mortka,RU,59.33,80.92,57,70,8.86,07/13/2019 - 09:33 AM
Boissevain,CA,49.23,77,94,1,1.79,07/13/2019 - 09:33 AM
Jacareacanga,BR,-6.22,89.92,42,20,5.59,07/13/2019 - 09:33 AM
Farafangana,MG,-22.82,62.38,87,0,3.58,07/13/2019 - 09:33 AM
Manono,CD,-7.3,92.62,19,3,4.7,07/13/2019 - 09:33 AM
Carutapera,BR,-1.2,79.84,90,88,7.52,07/13/2019 - 09:33 AM
Hirara,JP,24.8,84.11,80,49,18.48,07/13/2019 - 09:28 AM
Babaeski,TR,41.43,79.12,40,96,11.77,07/13/2019 - 09:33 AM
Shenzhen,CN,22.54,86,84,0,15.66,07/13/2019 - 09:33 AM
Kisangani,CD,0.52,89.87,46,76,2.01,07/13/2019 - 09:26 AM
Acari,PE,-15.44,58.96,84,100,15.64,07/13/2019 - 09:33 AM
Novyy Urengoy,RU,66.08,60.58,57,96,9.8,07/13/2019 - 09:32 AM
Lagoa,PT,37.14,79,78,0,10.29,07/13/2019 - 09:27 AM
Honiara,SB,-9.43,75.2,100,40,4.92,07/13/2019 - 09:33 AM
Lerwick,GB,60.15,55.4,82,75,4.7,07/13/2019 - 09:33 AM
Cloquet,US,46.72,71.6,77,1,3.47,07/13/2019 - 09:33 AM
Quelimane,MZ,-17.88,78.8,57,75,11.41,07/13/2019 - 09:33 AM
Elizabethton,US,36.35,80.01,83,90,3.8,07/13/2019 - 09:33 AM
Abaza,RU,52.65,60.58,94,100,3.78,07/13/2019 - 09:33 AM
Hope,CA,49.38,60.01,87,1,4.7,07/13/2019 - 09:33 AM
Achit,RU,56.8,71.02,76,78,17.09,07/13/2019 - 09:33 AM
Savona,IT,44.31,89.01,62,20,14.99,07/13/2019 - 09:28 AM
Tessalit,ML,20.2,108.23,12,19,18.88,07/13/2019 - 09:26 AM
Obra,IN,24.47,87.76,60,100,13.27,07/13/2019 - 09:33 AM
Qitaihe,CN,45.77,60.76,97,100,4.07,07/13/2019 - 09:33 AM
Felipe Carrillo Puerto,MX,19.58,86.32,61,100,6.04,07/13/2019 - 09:30 AM
Santa Maria,CV,16.6,82.4,58,75,14.99,07/13/2019 - 09:28 AM
Kidal,ML,18.44,101.26,23,33,10.56,07/13/2019 - 09:33 AM
Lavrentiya,RU,65.58,56.03,56,56,5.32,07/13/2019 - 09:25 AM
Havre,US,48.55,64.99,71,1,12.48,07/13/2019 - 09:33 AM
Yanaul,RU,56.27,70.12,85,90,6.02,07/13/2019 - 09:33 AM
Broome,AU,-17.97,71.6,46,0,8.05,07/13/2019 - 09:26 AM
Staunton,US,38.15,81,83,1,3.36,07/13/2019 - 09:31 AM
Paamiut,GL,61.99,41.99,91,89,8.23,07/13/2019 - 09:26 AM
Olenegorsk,RU,68.14,43.66,96,100,5.14,07/13/2019 - 09:33 AM
San Jose,BO,-17.94,75.2,88,75,3.36,07/13/2019 - 09:33 AM
Luwuk,ID,-0.95,59.14,95,41,5.88,07/13/2019 - 09:33 AM
Kendari,ID,-3.99,69.58,95,12,1.88,07/13/2019 - 09:33 AM
Bandarbeyla,SO,9.49,92.44,33,20,20.6,07/13/2019 - 09:33 AM
Rochegda,RU,62.67,60.4,62,86,2.17,07/13/2019 - 09:33 AM
Atar,MR,20.52,100.4,17,0,13.87,07/13/2019 - 09:27 AM
Namatanai,PG,-3.66,77.63,79,85,2.8,07/13/2019 - 09:26 AM
Mersing,MY,2.43,76.24,90,67,1.79,07/13/2019 - 09:33 AM
Tura,RU,64.27,63.41,65,93,6.85,07/13/2019 - 09:28 AM
Sorland,NO,67.67,49.42,85,29,23.78,07/13/2019 - 09:33 AM
Dunedin,NZ,-45.87,51.01,72,100,8.99,07/13/2019 - 09:23 AM
Oskemen,KZ,49.96,80.6,54,34,11.18,07/13/2019 - 09:33 AM
Fare,PF,-16.7,76.6,81,2,4.79,07/13/2019 - 09:33 AM
Lekoni,GA,-1.58,83.98,50,98,3.18,07/13/2019 - 09:33 AM
Tazmalt,DZ,36.39,86,62,20,10.29,07/13/2019 - 09:33 AM
Ellensburg,US,47,69.01,55,1,13.87,07/13/2019 - 09:33 AM
Kirovskiy,RU,45.09,63.28,84,100,4.34,07/13/2019 - 09:33 AM
Port Macquarie,AU,-31.43,53.01,37,1,10.29,07/13/2019 - 09:27 AM
Ciudad Bolivar,VE,8.12,78.89,83,35,8.84,07/13/2019 - 09:28 AM
Karratha,AU,-20.74,68.63,25,0,4.83,07/13/2019 - 09:20 AM
Tres Arroyos,AR,-38.38,52.12,49,0,4.56,07/13/2019 - 09:33 AM
Nakhon Phanom,TH,17.41,84.2,94,0,2.06,07/13/2019 - 09:33 AM
Juneau,US,58.3,57,100,90,0.89,07/13/2019 - 09:33 AM
Varadero,CU,23.15,80.6,83,75,8.05,07/13/2019 - 09:33 AM
Spas-Demensk,RU,54.41,62.74,63,18,2.62,07/13/2019 - 09:33 AM
Tamandare,BR,-8.28,79.12,90,14,2.48,07/13/2019 - 09:33 AM
Barra do Garcas,BR,-15.89,78.8,50,0,2.28,07/13/2019 - 09:33 AM
Am Timan,TD,11.04,91.72,42,2,3.74,07/13/2019 - 09:33 AM
Changtu,CN,42.78,70.84,69,100,2.44,07/13/2019 - 09:33 AM
Puerto Baquerizo Moreno,EC,-0.9,68,100,40,13.87,07/13/2019 - 09:33 AM
Igarka,RU,67.47,51.94,77,99,13.18,07/13/2019 - 09:33 AM
Wellington,NZ,-41.29,59,82,83,25.28,07/13/2019 - 09:29 AM
Praya,ID,-8.71,71.6,78,40,8.05,07/13/2019 - 09:33 AM
Yerofey Pavlovich,RU,53.97,61.48,87,53,4.43,07/13/2019 - 09:33 AM
Coachella,US,33.68,91,29,1,3.36,07/13/2019 - 09:33 AM
Nanakuli,US,21.39,80.6,65,20,11.41,07/13/2019 - 09:33 AM
Isagarh,IN,24.84,87.4,56,100,15.3,07/13/2019 - 09:33 AM
Springbok,ZA,-29.67,65.8,51,0,10.54,07/13/2019 - 09:33 AM
Padang,ID,-0.92,83.93,74,1,8.75,07/13/2019 - 09:25 AM
Grass Valley,US,39.22,71.6,68,1,4.7,07/13/2019 - 09:33 AM
Kalavai,IN,12.77,87.58,48,71,6.44,07/13/2019 - 09:33 AM
Viedma,AR,-40.81,52.66,50,67,13.02,07/13/2019 - 09:33 AM
Soure,BR,-0.72,83.26,79,26,8.88,07/13/2019 - 09:33 AM
Beira,MZ,-19.84,77,53,20,10.29,07/13/2019 - 09:33 AM
Kuching,MY,1.56,75.2,100,75,1.12,07/13/2019 - 09:33 AM
Cheremukhovo,RU,56.23,66.88,84,100,2.86,07/13/2019 - 09:33 AM
Vicente Guerrero,MX,16.93,62.6,88,75,4.7,07/13/2019 - 09:33 AM
Batemans Bay,AU,-35.71,51.01,89,0,4,07/13/2019 - 09:33 AM
Panet,RO,46.56,68,64,40,5.82,07/13/2019 - 09:33 AM
Nago,JP,26.59,84.2,88,1,14.99,07/13/2019 - 09:33 AM
Tual,ID,-5.67,77.14,78,77,18.86,07/13/2019 - 09:33 AM
Dargaville,NZ,-35.94,60.76,83,100,25.68,07/13/2019 - 09:33 AM
Dom Pedrito,BR,-30.98,60.04,88,100,8.84,07/13/2019 - 09:33 AM
Waipawa,NZ,-39.94,55,71,100,8.01,07/13/2019 - 09:33 AM
Sumenep,ID,-7.02,72.1,79,2,7.7,07/13/2019 - 09:33 AM
Alofi,NU,-19.06,69.8,94,25,6.93,07/13/2019 - 09:26 AM
Kousseri,CM,12.08,95,41,40,3.36,07/13/2019 - 09:33 AM
Lagunas,PE,-5.23,86.32,57,0,1.83,07/13/2019 - 09:33 AM
Loknya,RU,54.21,62.38,75,39,5.17,07/13/2019 - 09:33 AM
Havelock,US,34.88,86,74,1,9.17,07/13/2019 - 09:26 AM
Miri,MY,4.41,75.2,88,75,4.7,07/13/2019 - 09:33 AM
Mont-de-Marsan,FR,43.89,82,57,75,5.82,07/13/2019 - 09:28 AM
Whitecourt,CA,54.14,55.4,82,20,3.36,07/13/2019 - 09:33 AM
Iquique,CL,-20.22,59,72,90,3.36,07/13/2019 - 09:33 AM
Port Blair,IN,11.67,84.2,74,40,10.29,07/13/2019 - 09:33 AM
Mayahi,NE,13.95,95.14,30,3,2.08,07/13/2019 - 09:33 AM
Mulege,MX,26.88,84.34,70,0,2.75,07/13/2019 - 09:33 AM
Plouzane,FR,48.38,75.2,64,75,14.99,07/13/2019 - 09:33 AM
Sol-Iletsk,RU,51.16,77.68,73,82,15.61,07/13/2019 - 09:33 AM
Bilokurakyne,UA,49.53,73.18,49,57,5.23,07/13/2019 - 09:33 AM
Auki,SB,-8.77,82.72,79,99,16.51,07/13/2019 - 09:33 AM
Sosnovo-Ozerskoye,RU,52.53,61.12,74,73,5.55,07/13/2019 - 09:33 AM
Vilyuysk,RU,63.75,67.96,79,38,5.14,07/13/2019 - 09:33 AM
Ocara,BR,-4.49,81.46,61,92,10.47,07/13/2019 - 09:33 AM
Newport,US,41.49,79,73,1,5.82,07/13/2019 - 09:30 AM
Tevaitoa,PF,-16.78,76.6,81,2,4.79,07/13/2019 - 09:33 AM
Manaure,CO,11.78,84.2,70,20,17.22,07/13/2019 - 09:33 AM
Waitati,NZ,-45.75,51.01,72,100,8.01,07/13/2019 - 09:33 AM
Ugoofaaru,MV,5.67,84.65,71,92,7.18,07/13/2019 - 09:28 AM
Careiro da Varzea,BR,-3.2,84.2,74,0,6.93,07/13/2019 - 09:33 AM
Agutaya,PH,11.15,78.4,86,100,8.66,07/13/2019 - 09:33 AM
Redmond,US,47.67,63,77,75,3.36,07/13/2019 - 09:33 AM
Naze,JP,28.37,82.4,94,20,11.41,07/13/2019 - 09:26 AM
Havre-Saint-Pierre,CA,50.23,53.6,100,90,16.11,07/13/2019 - 09:24 AM
Vrontados,GR,38.41,82.4,45,20,8.05,07/13/2019 - 09:33 AM
Riviere-au-Renard,CA,49,64.4,88,90,2.24,07/13/2019 - 09:33 AM
Matagami,CA,49.76,64.4,82,90,8.05,07/13/2019 - 09:33 AM
Ruidoso,US,33.33,79,45,1,0.49,07/13/2019 - 09:33 AM
Bonavista,CA,48.65,52.61,76,78,11.18,07/13/2019 - 09:27 AM
Bayeux,FR,49.28,72,56,20,9.17,07/13/2019 - 09:33 AM
Coquimbo,CL,-29.95,45,65,0,6.93,07/13/2019 - 09:26 AM
Blagoyevo,RU,63.37,66.52,39,62,2.24,07/13/2019 - 09:33 AM
Aksarka,RU,66.56,65.8,58,100,10.49,07/13/2019 - 09:33 AM
Minot,US,48.23,66,93,1,3.36,07/13/2019 - 09:30 AM
Klaksvik,FO,62.23,53.6,100,79,9.17,07/13/2019 - 09:27 AM
Pontes e Lacerda,BR,-15.23,91.18,30,41,3.58,07/13/2019 - 09:33 AM
Jefferson City,US,38.58,78.01,78,1,2.3,07/13/2019 - 09:29 AM
Egra,IN,21.9,87.71,68,96,17.45,07/13/2019 - 09:29 AM
Jiuquan,CN,39.73,66.52,39,37,3.87,07/13/2019 - 09:33 AM
Chopinzinho,BR,-25.86,69.94,70,97,3.42,07/13/2019 - 09:33 AM
Kailua,US,21.39,80.6,88,75,6.93,07/13/2019 - 09:25 AM
Vanimo,PG,-2.67,82.9,71,2,5.3,07/13/2019 - 09:33 AM
Leo,BF,11.1,87.35,53,91,12.44,07/13/2019 - 09:27 AM
Buchanan,LR,5.88,77,94,75,6.93,07/13/2019 - 09:25 AM
Mandalgovi,MN,45.76,76.01,36,11,11.05,07/13/2019 - 09:26 AM
Williston,US,48.15,70,88,1,4.7,07/13/2019 - 09:34 AM
Shakhtinsk,KZ,49.71,82.4,28,0,15.66,07/13/2019 - 09:34 AM
Mayor Pablo Lagerenza,PY,-19.93,85.42,41,58,1.36,07/13/2019 - 09:34 AM
Liverpool,CA,44.04,69.01,90,48,1.01,07/13/2019 - 09:34 AM
Kloulklubed,PW,7.04,77,88,90,14.99,07/13/2019 - 09:26 AM
Brookings,US,44.31,71.6,78,75,11.41,07/13/2019 - 09:30 AM
Portland,AU,-33.35,42.01,78,41,17,07/13/2019 - 09:26 AM
Odessa,US,31.85,75,64,1,4.7,07/13/2019 - 09:31 AM
Matadi,CD,-5.83,85.96,46,52,5.44,07/13/2019 - 09:34 AM
Young,UY,-32.7,53.01,82,0,3,07/13/2019 - 09:34 AM
Parana,AR,-31.73,57,73,0,3,07/13/2019 - 09:33 AM
Dodoma,TZ,-6.18,80.6,34,20,11.41,07/13/2019 - 09:34 AM
Walvis Bay,NA,-22.95,77,53,0,5.82,07/13/2019 - 09:27 AM
Baykit,RU,61.68,57.88,97,100,2.71,07/13/2019 - 09:34 AM
Tabou,CI,4.42,74.93,89,98,7.58,07/13/2019 - 09:28 AM
Zabid,YE,14.2,76.06,56,79,12.73,07/13/2019 - 09:34 AM
Lumby,CA,50.25,63,82,1,2.24,07/13/2019 - 09:34 AM
Shitanjing,CN,39.23,78.01,28,84,5.01,07/13/2019 - 09:34 AM
Cariamanga,EC,-4.33,68,64,40,4.7,07/13/2019 - 09:34 AM
Elizabeth City,US,36.3,87.01,74,1,8.05,07/13/2019 - 09:34 AM
Charters Towers,AU,-20.07,61.25,55,100,10.4,07/13/2019 - 09:27 AM
Flinders,AU,-34.58,51.01,69,0,18.34,07/13/2019 - 09:26 AM
Saldanha,ZA,-33.01,64.4,63,0,3.36,07/13/2019 - 09:25 AM
Lensk,RU,60.71,63.95,83,100,1.7,07/13/2019 - 09:26 AM
Pitsunda,GE,43.16,77,53,40,8.95,07/13/2019 - 09:34 AM
Ulaangom,MN,49.98,69.89,49,28,6.44,07/13/2019 - 09:27 AM
Katangli,RU,51.71,48.52,96,100,13.22,07/13/2019 - 09:34 AM
Zhicheng,CN,35.04,83.26,36,0,6.96,07/13/2019 - 09:34 AM
Ratangarh,IN,28.07,97.3,37,0,24.72,07/13/2019 - 09:34 AM
Lubana,LV,56.9,63.28,61,94,4.81,07/13/2019 - 09:34 AM
Eureka,US,40.8,59,93,90,14.52,07/13/2019 - 09:27 AM
Caravelas,BR,-17.73,73.67,70,0,2.77,07/13/2019 - 09:27 AM
Kozhva,RU,65.11,57.34,95,100,4.63,07/13/2019 - 09:34 AM
Tuatapere,NZ,-46.13,46,96,100,1.99,07/13/2019 - 09:28 AM
Nouadhibou,MR,20.93,78.8,61,0,14.99,07/13/2019 - 09:25 AM
Ekhabi,RU,53.51,47.08,94,13,12.01,07/13/2019 - 09:34 AM
Karasjok,NO,69.47,55.4,58,0,16.11,07/13/2019 - 09:34 AM
Kieta,PG,-6.22,81.05,79,92,6.67,07/13/2019 - 09:26 AM
Gaoyou,CN,32.79,75,86,0,5.23,07/13/2019 - 09:34 AM
